timestamp,line_id,machine_id,result,defect_type
2025-03-10 18:00:00,Line_3,machine_27,fail,fault
2025-03-10 18:01:00,Line_4,machine_35,fail,fault
2025-03-10 18:02:00,Line_1,machine_4,pass,
2025-03-10 18:03:00,Line_3,machine_22,fail,fault
2025-03-10 18:04:00,Line_2,machine_11,pass,
2025-03-10 18:05:00,Line_1,machine_7,fail,fault
2025-03-10 18:06:00,Line_5,machine_41,pass,
2025-03-10 18:07:00,Line_4,machine_37,pass,
2025-03-10 18:08:00,Line_4,machine_34,fail,fault
2025-03-10 18:09:00,Line_2,machine_12,pass,
2025-03-10 18:10:00,Line_1,machine_4,pass,
2025-03-10 18:11:00,Line_5,machine_45,pass,
2025-03-10 18:12:00,Line_1,machine_2,pass,
2025-03-10 18:13:00,Line_5,machine_47,pass,
2025-03-10 18:14:00,Line_1,machine_1,fail,fault
2025-03-10 18:15:00,Line_2,machine_18,pass,
2025-03-10 18:16:00,Line_3,machine_23,fail,fault
2025-03-10 18:17:00,Line_4,machine_34,pass,
2025-03-10 18:18:00,Line_1,machine_4,pass,
2025-03-10 18:19:00,Line_5,machine_42,fail,fault
2025-03-10 18:20:00,Line_5,machine_45,pass,
2025-03-10 18:21:00,Line_2,machine_19,pass,
2025-03-10 18:22:00,Line_4,machine_40,fail,fault
2025-03-10 18:23:00,Line_5,machine_42,pass,
2025-03-10 18:24:00,Line_4,machine_40,pass,
2025-03-10 18:25:00,Line_5,machine_41,pass,
2025-03-10 18:26:00,Line_1,machine_9,pass,
2025-03-10 18:27:00,Line_3,machine_23,fail,fault
2025-03-10 18:28:00,Line_2,machine_13,fail,fault
2025-03-10 18:29:00,Line_1,machine_1,fail,fault
2025-03-10 18:30:00,Line_2,machine_12,pass,
2025-03-10 18:31:00,Line_1,machine_10,pass,
2025-03-10 18:32:00,Line_3,machine_27,fail,fault
2025-03-10 18:33:00,Line_2,machine_19,pass,
2025-03-10 18:34:00,Line_4,machine_40,pass,
2025-03-10 18:35:00,Line_4,machine_32,pass,
2025-03-10 18:36:00,Line_3,machine_22,pass,
2025-03-10 18:37:00,Line_3,machine_25,pass,
2025-03-10 18:38:00,Line_2,machine_11,pass,
2025-03-10 18:39:00,Line_2,machine_11,pass,
2025-03-10 18:40:00,Line_3,machine_26,pass,
2025-03-10 18:41:00,Line_2,machine_16,pass,
2025-03-10 18:42:00,Line_3,machine_29,pass,
2025-03-10 18:43:00,Line_3,machine_30,pass,
2025-03-10 18:44:00,Line_2,machine_11,fail,fault
2025-03-10 18:45:00,Line_1,machine_1,fail,fault
2025-03-10 18:46:00,Line_1,machine_6,pass,
2025-03-10 18:47:00,Line_2,machine_13,pass,
2025-03-10 18:48:00,Line_3,machine_27,pass,
2025-03-10 18:49:00,Line_5,machine_43,pass,
2025-03-10 18:50:00,Line_4,machine_35,pass,
2025-03-10 18:51:00,Line_4,machine_33,pass,
2025-03-10 18:52:00,Line_2,machine_14,pass,
2025-03-10 18:53:00,Line_5,machine_43,pass,
2025-03-10 18:54:00,Line_5,machine_46,fail,fault
2025-03-10 18:55:00,Line_3,machine_22,pass,
2025-03-10 18:56:00,Line_5,machine_42,fail,fault
2025-03-10 18:57:00,Line_3,machine_21,pass,
2025-03-10 18:58:00,Line_1,machine_2,pass,
2025-03-10 18:59:00,Line_1,machine_5,pass,
2025-03-10 19:00:00,Line_2,machine_15,pass,
2025-03-10 19:01:00,Line_5,machine_50,pass,
2025-03-10 19:02:00,Line_5,machine_48,pass,
2025-03-10 19:03:00,Line_2,machine_20,fail,fault
2025-03-10 19:04:00,Line_3,machine_26,fail,fault
2025-03-10 19:05:00,Line_3,machine_24,pass,
2025-03-10 19:06:00,Line_4,machine_35,pass,
2025-03-10 19:07:00,Line_3,machine_24,pass,
2025-03-10 19:08:00,Line_3,machine_26,pass,
2025-03-10 19:09:00,Line_5,machine_41,fail,fault
2025-03-10 19:10:00,Line_5,machine_50,fail,fault
2025-03-10 19:11:00,Line_3,machine_22,fail,fault
2025-03-10 19:12:00,Line_3,machine_27,pass,
2025-03-10 19:13:00,Line_2,machine_19,pass,
2025-03-10 19:14:00,Line_4,machine_37,pass,
2025-03-10 19:15:00,Line_4,machine_36,fail,fault
2025-03-10 19:16:00,Line_3,machine_29,pass,
2025-03-10 19:17:00,Line_4,machine_40,pass,
2025-03-10 19:18:00,Line_4,machine_39,pass,
2025-03-10 19:19:00,Line_5,machine_43,pass,
2025-03-10 19:20:00,Line_2,machine_12,fail,fault
2025-03-10 19:21:00,Line_5,machine_44,fail,fault
2025-03-10 19:22:00,Line_2,machine_16,pass,
2025-03-10 19:23:00,Line_5,machine_48,pass,
2025-03-10 19:24:00,Line_4,machine_31,fail,fault
2025-03-10 19:25:00,Line_2,machine_15,fail,fault
2025-03-10 19:26:00,Line_4,machine_33,pass,
2025-03-10 19:27:00,Line_2,machine_15,pass,
2025-03-10 19:28:00,Line_4,machine_32,pass,
2025-03-10 19:29:00,Line_3,machine_22,pass,
2025-03-10 19:30:00,Line_5,machine_50,pass,
2025-03-10 19:31:00,Line_1,machine_6,pass,
2025-03-10 19:32:00,Line_3,machine_30,pass,
2025-03-10 19:33:00,Line_5,machine_41,fail,fault
2025-03-10 19:34:00,Line_2,machine_17,pass,
2025-03-10 19:35:00,Line_5,machine_44,fail,fault
2025-03-10 19:36:00,Line_1,machine_2,pass,
2025-03-10 19:37:00,Line_2,machine_16,pass,
2025-03-10 19:38:00,Line_5,machine_47,pass,
2025-03-10 19:39:00,Line_2,machine_12,pass,
2025-03-10 19:40:00,Line_5,machine_47,pass,
2025-03-10 19:41:00,Line_5,machine_45,fail,fault
2025-03-10 19:42:00,Line_2,machine_12,pass,
2025-03-10 19:43:00,Line_5,machine_48,pass,
2025-03-10 19:44:00,Line_4,machine_39,pass,
2025-03-10 19:45:00,Line_2,machine_17,pass,
2025-03-10 19:46:00,Line_5,machine_42,fail,fault
2025-03-10 19:47:00,Line_5,machine_41,pass,
2025-03-10 19:48:00,Line_1,machine_6,pass,
2025-03-10 19:49:00,Line_5,machine_41,fail,fault
2025-03-10 19:50:00,Line_3,machine_26,fail,fault
2025-03-10 19:51:00,Line_1,machine_1,pass,
2025-03-10 19:52:00,Line_2,machine_16,fail,fault
2025-03-10 19:53:00,Line_5,machine_46,pass,
2025-03-10 19:54:00,Line_4,machine_40,pass,
2025-03-10 19:55:00,Line_5,machine_47,fail,fault
2025-03-10 19:56:00,Line_2,machine_16,fail,fault
2025-03-10 19:57:00,Line_5,machine_46,pass,
2025-03-10 19:58:00,Line_2,machine_16,pass,
2025-03-10 19:59:00,Line_4,machine_39,pass,
2025-03-10 20:00:00,Line_3,machine_29,pass,
2025-03-10 20:01:00,Line_5,machine_50,pass,
2025-03-10 20:02:00,Line_5,machine_49,pass,
2025-03-10 20:03:00,Line_3,machine_26,pass,
2025-03-10 20:04:00,Line_3,machine_30,fail,fault
2025-03-10 20:05:00,Line_4,machine_33,fail,fault
2025-03-10 20:06:00,Line_5,machine_43,fail,fault
2025-03-10 20:07:00,Line_2,machine_20,pass,
2025-03-10 20:08:00,Line_4,machine_37,pass,
2025-03-10 20:09:00,Line_2,machine_13,fail,fault
2025-03-10 20:10:00,Line_1,machine_8,fail,fault
2025-03-10 20:11:00,Line_4,machine_32,fail,fault
2025-03-10 20:12:00,Line_2,machine_18,pass,
2025-03-10 20:13:00,Line_5,machine_45,pass,
2025-03-10 20:14:00,Line_5,machine_41,pass,
2025-03-10 20:15:00,Line_2,machine_11,fail,fault
2025-03-10 20:16:00,Line_4,machine_38,fail,fault
2025-03-10 20:17:00,Line_5,machine_43,fail,fault
2025-03-10 20:18:00,Line_5,machine_47,pass,
2025-03-10 20:19:00,Line_2,machine_14,pass,
2025-03-10 20:20:00,Line_4,machine_40,pass,
2025-03-10 20:21:00,Line_5,machine_50,pass,
2025-03-10 20:22:00,Line_4,machine_33,pass,
2025-03-10 20:23:00,Line_5,machine_41,pass,
2025-03-10 20:24:00,Line_3,machine_23,pass,
2025-03-10 20:25:00,Line_1,machine_7,pass,
2025-03-10 20:26:00,Line_2,machine_15,fail,fault
2025-03-10 20:27:00,Line_2,machine_15,fail,fault
2025-03-10 20:28:00,Line_1,machine_9,fail,fault
2025-03-10 20:29:00,Line_3,machine_21,pass,
2025-03-10 20:30:00,Line_4,machine_37,fail,fault
2025-03-10 20:31:00,Line_4,machine_39,pass,
2025-03-10 20:32:00,Line_3,machine_28,fail,fault
2025-03-10 20:33:00,Line_5,machine_44,pass,
2025-03-10 20:34:00,Line_1,machine_6,pass,
2025-03-10 20:35:00,Line_1,machine_10,fail,fault
2025-03-10 20:36:00,Line_2,machine_15,pass,
2025-03-10 20:37:00,Line_3,machine_24,pass,
2025-03-10 20:38:00,Line_1,machine_4,fail,fault
2025-03-10 20:39:00,Line_5,machine_47,pass,
2025-03-10 20:40:00,Line_5,machine_50,pass,
2025-03-10 20:41:00,Line_4,machine_35,pass,
2025-03-10 20:42:00,Line_2,machine_15,pass,
2025-03-10 20:43:00,Line_4,machine_37,pass,
2025-03-10 20:44:00,Line_1,machine_2,pass,
2025-03-10 20:45:00,Line_5,machine_47,pass,
2025-03-10 20:46:00,Line_4,machine_40,pass,
2025-03-10 20:47:00,Line_3,machine_28,pass,
2025-03-10 20:48:00,Line_1,machine_5,fail,fault
2025-03-10 20:49:00,Line_3,machine_23,pass,
2025-03-10 20:50:00,Line_1,machine_9,fail,fault
2025-03-10 20:51:00,Line_1,machine_7,pass,
2025-03-10 20:52:00,Line_1,machine_4,pass,
2025-03-10 20:53:00,Line_2,machine_19,pass,
2025-03-10 20:54:00,Line_1,machine_8,pass,
2025-03-10 20:55:00,Line_4,machine_31,pass,
2025-03-10 20:56:00,Line_2,machine_14,fail,fault
2025-03-10 20:57:00,Line_3,machine_29,fail,fault
2025-03-10 20:58:00,Line_1,machine_9,fail,fault
2025-03-10 20:59:00,Line_4,machine_37,fail,fault
2025-03-10 21:00:00,Line_1,machine_6,pass,
2025-03-10 21:01:00,Line_5,machine_42,pass,
2025-03-10 21:02:00,Line_3,machine_28,pass,
2025-03-10 21:03:00,Line_5,machine_45,pass,
2025-03-10 21:04:00,Line_1,machine_10,pass,
2025-03-10 21:05:00,Line_5,machine_45,pass,
2025-03-10 21:06:00,Line_1,machine_3,pass,
2025-03-10 21:07:00,Line_2,machine_12,pass,
2025-03-10 21:08:00,Line_4,machine_36,fail,fault
2025-03-10 21:09:00,Line_2,machine_11,fail,fault
2025-03-10 21:10:00,Line_1,machine_9,pass,
2025-03-10 21:11:00,Line_1,machine_6,pass,
2025-03-10 21:12:00,Line_2,machine_12,pass,
2025-03-10 21:13:00,Line_5,machine_46,pass,
2025-03-10 21:14:00,Line_5,machine_41,pass,
2025-03-10 21:15:00,Line_1,machine_8,pass,
2025-03-10 21:16:00,Line_5,machine_41,pass,
2025-03-10 21:17:00,Line_2,machine_13,fail,fault
2025-03-10 21:18:00,Line_5,machine_43,pass,
2025-03-10 21:19:00,Line_1,machine_9,pass,
2025-03-10 21:20:00,Line_2,machine_20,pass,
2025-03-10 21:21:00,Line_4,machine_40,pass,
2025-03-10 21:22:00,Line_1,machine_10,pass,
2025-03-10 21:23:00,Line_5,machine_41,fail,fault
2025-03-10 21:24:00,Line_3,machine_27,fail,fault
2025-03-10 21:25:00,Line_1,machine_4,fail,fault
2025-03-10 21:26:00,Line_1,machine_10,fail,fault
2025-03-10 21:27:00,Line_5,machine_49,fail,fault
2025-03-10 21:28:00,Line_2,machine_19,pass,
2025-03-10 21:29:00,Line_1,machine_10,fail,fault
2025-03-10 21:30:00,Line_5,machine_50,pass,
2025-03-10 21:31:00,Line_5,machine_48,fail,fault
2025-03-10 21:32:00,Line_3,machine_23,pass,
2025-03-10 21:33:00,Line_4,machine_36,fail,fault
2025-03-10 21:34:00,Line_5,machine_41,pass,
2025-03-10 21:35:00,Line_1,machine_9,pass,
2025-03-10 21:36:00,Line_1,machine_2,pass,
2025-03-10 21:37:00,Line_2,machine_19,pass,
2025-03-10 21:38:00,Line_1,machine_8,fail,fault
2025-03-10 21:39:00,Line_3,machine_26,fail,fault
2025-03-10 21:40:00,Line_4,machine_36,pass,
2025-03-10 21:41:00,Line_2,machine_11,pass,
2025-03-10 21:42:00,Line_1,machine_3,pass,
2025-03-10 21:43:00,Line_3,machine_30,pass,
2025-03-10 21:44:00,Line_2,machine_18,pass,
2025-03-10 21:45:00,Line_2,machine_17,fail,fault
2025-03-10 21:46:00,Line_1,machine_9,pass,
2025-03-10 21:47:00,Line_3,machine_30,pass,
2025-03-10 21:48:00,Line_2,machine_16,pass,
2025-03-10 21:49:00,Line_1,machine_8,pass,
2025-03-10 21:50:00,Line_5,machine_41,pass,
2025-03-10 21:51:00,Line_3,machine_26,fail,fault
2025-03-10 21:52:00,Line_1,machine_5,pass,
2025-03-10 21:53:00,Line_1,machine_5,pass,
2025-03-10 21:54:00,Line_5,machine_46,pass,
2025-03-10 21:55:00,Line_3,machine_24,pass,
2025-03-10 21:56:00,Line_2,machine_14,pass,
2025-03-10 21:57:00,Line_1,machine_5,pass,
2025-03-10 21:58:00,Line_4,machine_36,fail,fault
2025-03-10 21:59:00,Line_3,machine_25,pass,
2025-03-10 22:00:00,Line_2,machine_17,pass,
2025-03-10 22:01:00,Line_1,machine_6,pass,
2025-03-10 22:02:00,Line_1,machine_7,pass,
2025-03-10 22:03:00,Line_5,machine_46,fail,fault
2025-03-10 22:04:00,Line_2,machine_15,fail,fault
2025-03-10 22:05:00,Line_1,machine_6,pass,
2025-03-10 22:06:00,Line_4,machine_32,pass,
2025-03-10 22:07:00,Line_5,machine_42,pass,
2025-03-10 22:08:00,Line_4,machine_40,fail,fault
2025-03-10 22:09:00,Line_3,machine_27,fail,fault
2025-03-10 22:10:00,Line_4,machine_40,pass,
2025-03-10 22:11:00,Line_1,machine_5,pass,
2025-03-10 22:12:00,Line_2,machine_16,fail,fault
2025-03-10 22:13:00,Line_2,machine_11,pass,
2025-03-10 22:14:00,Line_4,machine_39,pass,
2025-03-10 22:15:00,Line_3,machine_25,pass,
2025-03-10 22:16:00,Line_1,machine_2,fail,fault
2025-03-10 22:17:00,Line_3,machine_28,pass,
2025-03-10 22:18:00,Line_1,machine_7,pass,
2025-03-10 22:19:00,Line_4,machine_38,fail,fault
2025-03-10 22:20:00,Line_5,machine_50,pass,
2025-03-10 22:21:00,Line_1,machine_1,pass,
2025-03-10 22:22:00,Line_2,machine_18,pass,
2025-03-10 22:23:00,Line_2,machine_12,pass,
2025-03-10 22:24:00,Line_5,machine_49,fail,fault
2025-03-10 22:25:00,Line_1,machine_8,pass,
2025-03-10 22:26:00,Line_2,machine_20,pass,
2025-03-10 22:27:00,Line_4,machine_35,pass,
2025-03-10 22:28:00,Line_5,machine_42,fail,fault
2025-03-10 22:29:00,Line_2,machine_16,fail,fault
2025-03-10 22:30:00,Line_5,machine_50,pass,
2025-03-10 22:31:00,Line_4,machine_33,pass,
2025-03-10 22:32:00,Line_4,machine_40,fail,fault
2025-03-10 22:33:00,Line_3,machine_25,pass,
2025-03-10 22:34:00,Line_2,machine_19,fail,fault
2025-03-10 22:35:00,Line_4,machine_35,fail,fault
2025-03-10 22:36:00,Line_2,machine_16,fail,fault
2025-03-10 22:37:00,Line_2,machine_16,pass,
2025-03-10 22:38:00,Line_5,machine_48,pass,
2025-03-10 22:39:00,Line_3,machine_25,fail,fault
2025-03-10 22:40:00,Line_4,machine_32,pass,
2025-03-10 22:41:00,Line_5,machine_44,pass,
2025-03-10 22:42:00,Line_3,machine_28,fail,fault
2025-03-10 22:43:00,Line_1,machine_9,fail,fault
2025-03-10 22:44:00,Line_2,machine_18,pass,
2025-03-10 22:45:00,Line_3,machine_23,pass,
2025-03-10 22:46:00,Line_3,machine_30,pass,
2025-03-10 22:47:00,Line_4,machine_32,fail,fault
2025-03-10 22:48:00,Line_3,machine_24,pass,
2025-03-10 22:49:00,Line_2,machine_11,pass,
2025-03-10 22:50:00,Line_3,machine_26,pass,
2025-03-10 22:51:00,Line_2,machine_11,fail,fault
2025-03-10 22:52:00,Line_2,machine_20,pass,
2025-03-10 22:53:00,Line_5,machine_44,pass,
2025-03-10 22:54:00,Line_2,machine_18,pass,
2025-03-10 22:55:00,Line_4,machine_34,pass,
2025-03-10 22:56:00,Line_4,machine_36,fail,fault
2025-03-10 22:57:00,Line_1,machine_4,pass,
2025-03-10 22:58:00,Line_3,machine_21,pass,
2025-03-10 22:59:00,Line_3,machine_26,fail,fault
2025-03-10 23:00:00,Line_2,machine_14,pass,
2025-03-10 23:01:00,Line_3,machine_26,pass,
2025-03-10 23:02:00,Line_2,machine_13,pass,
2025-03-10 23:03:00,Line_3,machine_26,pass,
2025-03-10 23:04:00,Line_5,machine_41,pass,
2025-03-10 23:05:00,Line_2,machine_15,pass,
2025-03-10 23:06:00,Line_3,machine_27,pass,
2025-03-10 23:07:00,Line_3,machine_23,pass,
2025-03-10 23:08:00,Line_3,machine_22,pass,
2025-03-10 23:09:00,Line_1,machine_10,pass,
2025-03-10 23:10:00,Line_1,machine_5,fail,fault
2025-03-10 23:11:00,Line_1,machine_4,fail,fault
2025-03-10 23:12:00,Line_5,machine_50,fail,fault
2025-03-10 23:13:00,Line_4,machine_36,pass,
2025-03-10 23:14:00,Line_2,machine_16,pass,
2025-03-10 23:15:00,Line_4,machine_32,fail,fault
2025-03-10 23:16:00,Line_2,machine_11,pass,
2025-03-10 23:17:00,Line_4,machine_39,pass,
2025-03-10 23:18:00,Line_4,machine_33,fail,fault
2025-03-10 23:19:00,Line_4,machine_35,fail,fault
2025-03-10 23:20:00,Line_5,machine_48,pass,
2025-03-10 23:21:00,Line_1,machine_4,pass,
2025-03-10 23:22:00,Line_3,machine_23,fail,fault
2025-03-10 23:23:00,Line_1,machine_3,pass,
2025-03-10 23:24:00,Line_2,machine_20,fail,fault
2025-03-10 23:25:00,Line_1,machine_1,fail,fault
2025-03-10 23:26:00,Line_4,machine_33,fail,fault
2025-03-10 23:27:00,Line_1,machine_10,pass,
2025-03-10 23:28:00,Line_5,machine_44,pass,
2025-03-10 23:29:00,Line_1,machine_3,fail,fault
2025-03-10 23:30:00,Line_4,machine_32,fail,fault
2025-03-10 23:31:00,Line_5,machine_45,fail,fault
2025-03-10 23:32:00,Line_4,machine_38,pass,
2025-03-10 23:33:00,Line_4,machine_31,pass,
2025-03-10 23:34:00,Line_3,machine_21,fail,fault
2025-03-10 23:35:00,Line_3,machine_24,fail,fault
2025-03-10 23:36:00,Line_3,machine_24,pass,
2025-03-10 23:37:00,Line_1,machine_10,fail,fault
2025-03-10 23:38:00,Line_1,machine_6,pass,
2025-03-10 23:39:00,Line_3,machine_28,fail,fault
2025-03-10 23:40:00,Line_1,machine_1,fail,fault
2025-03-10 23:41:00,Line_5,machine_47,pass,
2025-03-10 23:42:00,Line_5,machine_46,fail,fault
2025-03-10 23:43:00,Line_5,machine_44,pass,
2025-03-10 23:44:00,Line_1,machine_10,pass,
2025-03-10 23:45:00,Line_5,machine_41,fail,fault
2025-03-10 23:46:00,Line_3,machine_30,pass,
2025-03-10 23:47:00,Line_2,machine_15,pass,
2025-03-10 23:48:00,Line_2,machine_14,pass,
2025-03-10 23:49:00,Line_3,machine_24,pass,
2025-03-10 23:50:00,Line_1,machine_10,pass,
2025-03-10 23:51:00,Line_3,machine_26,pass,
2025-03-10 23:52:00,Line_1,machine_1,pass,
2025-03-10 23:53:00,Line_2,machine_20,pass,
2025-03-10 23:54:00,Line_3,machine_29,pass,
2025-03-10 23:55:00,Line_4,machine_34,pass,
2025-03-10 23:56:00,Line_1,machine_2,fail,fault
2025-03-10 23:57:00,Line_1,machine_2,pass,
2025-03-10 23:58:00,Line_1,machine_2,fail,fault
2025-03-10 23:59:00,Line_1,machine_8,fail,fault
2025-03-11 00:00:00,Line_3,machine_25,fail,fault
2025-03-11 00:01:00,Line_2,machine_18,pass,
2025-03-11 00:02:00,Line_5,machine_45,fail,fault
2025-03-11 00:03:00,Line_2,machine_17,pass,
2025-03-11 00:04:00,Line_3,machine_30,pass,
2025-03-11 00:05:00,Line_1,machine_8,fail,fault
2025-03-11 00:06:00,Line_5,machine_42,pass,
2025-03-11 00:07:00,Line_5,machine_46,pass,
2025-03-11 00:08:00,Line_3,machine_29,pass,
2025-03-11 00:09:00,Line_2,machine_19,fail,fault
2025-03-11 00:10:00,Line_4,machine_37,pass,
2025-03-11 00:11:00,Line_3,machine_24,pass,
2025-03-11 00:12:00,Line_2,machine_18,pass,
2025-03-11 00:13:00,Line_1,machine_10,fail,fault
2025-03-11 00:14:00,Line_2,machine_16,fail,fault
2025-03-11 00:15:00,Line_5,machine_50,fail,fault
2025-03-11 00:16:00,Line_5,machine_41,fail,fault
2025-03-11 00:17:00,Line_5,machine_42,pass,
2025-03-11 00:18:00,Line_5,machine_44,pass,
2025-03-11 00:19:00,Line_1,machine_5,fail,fault
2025-03-11 00:20:00,Line_2,machine_15,pass,
2025-03-11 00:21:00,Line_3,machine_23,pass,
2025-03-11 00:22:00,Line_4,machine_31,pass,
2025-03-11 00:23:00,Line_3,machine_30,pass,
2025-03-11 00:24:00,Line_1,machine_7,pass,
2025-03-11 00:25:00,Line_2,machine_20,fail,fault
2025-03-11 00:26:00,Line_4,machine_39,pass,
2025-03-11 00:27:00,Line_1,machine_3,pass,
2025-03-11 00:28:00,Line_1,machine_3,pass,
2025-03-11 00:29:00,Line_4,machine_31,fail,fault
2025-03-11 00:30:00,Line_1,machine_7,pass,
2025-03-11 00:31:00,Line_1,machine_1,fail,fault
2025-03-11 00:32:00,Line_3,machine_27,fail,fault
2025-03-11 00:33:00,Line_5,machine_50,pass,
2025-03-11 00:34:00,Line_1,machine_1,pass,
2025-03-11 00:35:00,Line_1,machine_6,pass,
2025-03-11 00:36:00,Line_2,machine_20,fail,fault
2025-03-11 00:37:00,Line_4,machine_39,fail,fault
2025-03-11 00:38:00,Line_5,machine_44,pass,
2025-03-11 00:39:00,Line_1,machine_3,pass,
2025-03-11 00:40:00,Line_1,machine_2,pass,
2025-03-11 00:41:00,Line_5,machine_47,pass,
2025-03-11 00:42:00,Line_4,machine_32,pass,
2025-03-11 00:43:00,Line_2,machine_20,pass,
2025-03-11 00:44:00,Line_4,machine_36,fail,fault
2025-03-11 00:45:00,Line_3,machine_27,fail,fault
2025-03-11 00:46:00,Line_2,machine_20,fail,fault
2025-03-11 00:47:00,Line_2,machine_19,pass,
2025-03-11 00:48:00,Line_3,machine_21,pass,
2025-03-11 00:49:00,Line_5,machine_43,pass,
2025-03-11 00:50:00,Line_2,machine_20,pass,
2025-03-11 00:51:00,Line_1,machine_5,pass,
2025-03-11 00:52:00,Line_2,machine_20,pass,
2025-03-11 00:53:00,Line_2,machine_12,pass,
2025-03-11 00:54:00,Line_5,machine_48,fail,fault
2025-03-11 00:55:00,Line_1,machine_10,pass,
2025-03-11 00:56:00,Line_3,machine_22,pass,
2025-03-11 00:57:00,Line_4,machine_38,fail,fault
2025-03-11 00:58:00,Line_3,machine_28,pass,
2025-03-11 00:59:00,Line_2,machine_12,pass,
2025-03-11 01:00:00,Line_4,machine_39,fail,fault
2025-03-11 01:01:00,Line_1,machine_10,fail,fault
2025-03-11 01:02:00,Line_5,machine_48,fail,fault
2025-03-11 01:03:00,Line_4,machine_35,pass,
2025-03-11 01:04:00,Line_5,machine_48,fail,fault
2025-03-11 01:05:00,Line_5,machine_44,fail,fault
2025-03-11 01:06:00,Line_4,machine_40,pass,
2025-03-11 01:07:00,Line_4,machine_37,fail,fault
2025-03-11 01:08:00,Line_2,machine_17,fail,fault
2025-03-11 01:09:00,Line_3,machine_27,pass,
2025-03-11 01:10:00,Line_5,machine_46,pass,
2025-03-11 01:11:00,Line_3,machine_29,pass,
2025-03-11 01:12:00,Line_3,machine_26,fail,fault
2025-03-11 01:13:00,Line_1,machine_9,pass,
2025-03-11 01:14:00,Line_2,machine_12,fail,fault
2025-03-11 01:15:00,Line_5,machine_43,pass,
2025-03-11 01:16:00,Line_3,machine_26,pass,
2025-03-11 01:17:00,Line_4,machine_33,pass,
2025-03-11 01:18:00,Line_4,machine_32,pass,
2025-03-11 01:19:00,Line_2,machine_11,pass,
2025-03-11 01:20:00,Line_3,machine_29,pass,
2025-03-11 01:21:00,Line_1,machine_8,pass,
2025-03-11 01:22:00,Line_3,machine_25,pass,
2025-03-11 01:23:00,Line_2,machine_20,pass,
2025-03-11 01:24:00,Line_3,machine_21,pass,
2025-03-11 01:25:00,Line_1,machine_4,fail,fault
2025-03-11 01:26:00,Line_4,machine_36,fail,fault
2025-03-11 01:27:00,Line_5,machine_43,fail,fault
2025-03-11 01:28:00,Line_3,machine_29,pass,
2025-03-11 01:29:00,Line_2,machine_19,pass,
2025-03-11 01:30:00,Line_3,machine_26,pass,
2025-03-11 01:31:00,Line_4,machine_36,fail,fault
2025-03-11 01:32:00,Line_3,machine_25,fail,fault
2025-03-11 01:33:00,Line_3,machine_23,pass,
2025-03-11 01:34:00,Line_4,machine_38,pass,
2025-03-11 01:35:00,Line_3,machine_28,pass,
2025-03-11 01:36:00,Line_5,machine_41,pass,
2025-03-11 01:37:00,Line_2,machine_11,fail,fault
2025-03-11 01:38:00,Line_3,machine_29,fail,fault
2025-03-11 01:39:00,Line_5,machine_44,fail,fault
2025-03-11 01:40:00,Line_5,machine_50,pass,
2025-03-11 01:41:00,Line_2,machine_20,pass,
2025-03-11 01:42:00,Line_1,machine_9,fail,fault
2025-03-11 01:43:00,Line_3,machine_24,pass,
2025-03-11 01:44:00,Line_5,machine_47,pass,
2025-03-11 01:45:00,Line_5,machine_49,fail,fault
2025-03-11 01:46:00,Line_5,machine_41,pass,
2025-03-11 01:47:00,Line_2,machine_13,fail,fault
2025-03-11 01:48:00,Line_1,machine_2,fail,fault
2025-03-11 01:49:00,Line_2,machine_17,pass,
2025-03-11 01:50:00,Line_5,machine_50,pass,
2025-03-11 01:51:00,Line_3,machine_27,fail,fault
2025-03-11 01:52:00,Line_4,machine_38,fail,fault
2025-03-11 01:53:00,Line_1,machine_2,fail,fault
2025-03-11 01:54:00,Line_4,machine_33,fail,fault
2025-03-11 01:55:00,Line_1,machine_5,fail,fault
2025-03-11 01:56:00,Line_2,machine_14,pass,
2025-03-11 01:57:00,Line_3,machine_27,pass,
2025-03-11 01:58:00,Line_5,machine_50,pass,
2025-03-11 01:59:00,Line_4,machine_36,pass,
2025-03-11 02:00:00,Line_3,machine_27,pass,
2025-03-11 02:01:00,Line_2,machine_14,pass,
2025-03-11 02:02:00,Line_2,machine_15,pass,
2025-03-11 02:03:00,Line_3,machine_27,pass,
2025-03-11 02:04:00,Line_1,machine_8,pass,
2025-03-11 02:05:00,Line_3,machine_21,pass,
2025-03-11 02:06:00,Line_4,machine_34,pass,
2025-03-11 02:07:00,Line_5,machine_49,pass,
2025-03-11 02:08:00,Line_3,machine_28,pass,
2025-03-11 02:09:00,Line_3,machine_24,pass,
2025-03-11 02:10:00,Line_2,machine_17,pass,
2025-03-11 02:11:00,Line_1,machine_6,fail,fault
2025-03-11 02:12:00,Line_4,machine_38,fail,fault
2025-03-11 02:13:00,Line_2,machine_19,fail,fault
2025-03-11 02:14:00,Line_1,machine_1,fail,fault
2025-03-11 02:15:00,Line_4,machine_38,pass,
2025-03-11 02:16:00,Line_3,machine_26,fail,fault
2025-03-11 02:17:00,Line_1,machine_5,fail,fault
2025-03-11 02:18:00,Line_1,machine_4,pass,
2025-03-11 02:19:00,Line_3,machine_25,fail,fault
2025-03-11 02:20:00,Line_5,machine_45,pass,
2025-03-11 02:21:00,Line_5,machine_49,fail,fault
2025-03-11 02:22:00,Line_5,machine_45,pass,
2025-03-11 02:23:00,Line_3,machine_22,pass,
2025-03-11 02:24:00,Line_5,machine_48,fail,fault
2025-03-11 02:25:00,Line_2,machine_13,fail,fault
2025-03-11 02:26:00,Line_3,machine_23,pass,
2025-03-11 02:27:00,Line_4,machine_33,pass,
2025-03-11 02:28:00,Line_3,machine_25,fail,fault
2025-03-11 02:29:00,Line_1,machine_10,pass,
2025-03-11 02:30:00,Line_2,machine_18,pass,
2025-03-11 02:31:00,Line_3,machine_27,pass,
2025-03-11 02:32:00,Line_5,machine_49,pass,
2025-03-11 02:33:00,Line_3,machine_26,fail,fault
2025-03-11 02:34:00,Line_5,machine_49,fail,fault
2025-03-11 02:35:00,Line_5,machine_42,pass,
2025-03-11 02:36:00,Line_1,machine_2,pass,
2025-03-11 02:37:00,Line_1,machine_10,pass,
2025-03-11 02:38:00,Line_2,machine_20,pass,
2025-03-11 02:39:00,Line_4,machine_38,pass,
2025-03-11 02:40:00,Line_1,machine_3,pass,
2025-03-11 02:41:00,Line_1,machine_10,pass,
2025-03-11 02:42:00,Line_3,machine_28,pass,
2025-03-11 02:43:00,Line_2,machine_19,pass,
2025-03-11 02:44:00,Line_2,machine_17,pass,
2025-03-11 02:45:00,Line_5,machine_44,pass,
2025-03-11 02:46:00,Line_5,machine_44,pass,
2025-03-11 02:47:00,Line_3,machine_23,fail,fault
2025-03-11 02:48:00,Line_3,machine_28,pass,
2025-03-11 02:49:00,Line_3,machine_27,pass,
2025-03-11 02:50:00,Line_4,machine_32,pass,
2025-03-11 02:51:00,Line_4,machine_38,fail,fault
2025-03-11 02:52:00,Line_2,machine_12,pass,
2025-03-11 02:53:00,Line_2,machine_20,pass,
2025-03-11 02:54:00,Line_1,machine_6,pass,
2025-03-11 02:55:00,Line_1,machine_3,pass,
2025-03-11 02:56:00,Line_1,machine_3,pass,
2025-03-11 02:57:00,Line_3,machine_23,pass,
2025-03-11 02:58:00,Line_1,machine_9,fail,fault
2025-03-11 02:59:00,Line_4,machine_33,pass,
2025-03-11 03:00:00,Line_4,machine_36,pass,
2025-03-11 03:01:00,Line_2,machine_12,fail,fault
2025-03-11 03:02:00,Line_3,machine_26,pass,
2025-03-11 03:03:00,Line_4,machine_37,pass,
2025-03-11 03:04:00,Line_5,machine_50,fail,fault
2025-03-11 03:05:00,Line_5,machine_48,pass,
2025-03-11 03:06:00,Line_1,machine_10,pass,
2025-03-11 03:07:00,Line_5,machine_44,pass,
2025-03-11 03:08:00,Line_2,machine_11,pass,
2025-03-11 03:09:00,Line_2,machine_19,pass,
2025-03-11 03:10:00,Line_1,machine_5,fail,fault
2025-03-11 03:11:00,Line_3,machine_24,pass,
2025-03-11 03:12:00,Line_4,machine_35,pass,
2025-03-11 03:13:00,Line_3,machine_28,pass,
2025-03-11 03:14:00,Line_3,machine_30,pass,
2025-03-11 03:15:00,Line_2,machine_19,fail,fault
2025-03-11 03:16:00,Line_1,machine_6,pass,
2025-03-11 03:17:00,Line_5,machine_49,pass,
2025-03-11 03:18:00,Line_5,machine_45,pass,
2025-03-11 03:19:00,Line_4,machine_39,pass,
2025-03-11 03:20:00,Line_2,machine_19,pass,
2025-03-11 03:21:00,Line_4,machine_31,fail,fault
2025-03-11 03:22:00,Line_5,machine_44,pass,
2025-03-11 03:23:00,Line_2,machine_11,pass,
2025-03-11 03:24:00,Line_2,machine_17,pass,
2025-03-11 03:25:00,Line_2,machine_17,fail,fault
2025-03-11 03:26:00,Line_5,machine_50,pass,
2025-03-11 03:27:00,Line_2,machine_15,fail,fault
2025-03-11 03:28:00,Line_1,machine_6,fail,fault
2025-03-11 03:29:00,Line_4,machine_32,fail,fault
2025-03-11 03:30:00,Line_4,machine_40,pass,
2025-03-11 03:31:00,Line_2,machine_11,pass,
2025-03-11 03:32:00,Line_2,machine_13,fail,fault
2025-03-11 03:33:00,Line_2,machine_17,pass,
2025-03-11 03:34:00,Line_3,machine_28,fail,fault
2025-03-11 03:35:00,Line_5,machine_49,pass,
2025-03-11 03:36:00,Line_2,machine_18,pass,
2025-03-11 03:37:00,Line_3,machine_28,pass,
2025-03-11 03:38:00,Line_5,machine_48,fail,fault
2025-03-11 03:39:00,Line_2,machine_16,pass,
2025-03-11 03:40:00,Line_4,machine_36,pass,
2025-03-11 03:41:00,Line_5,machine_49,fail,fault
2025-03-11 03:42:00,Line_4,machine_40,pass,
2025-03-11 03:43:00,Line_2,machine_20,fail,fault
2025-03-11 03:44:00,Line_4,machine_39,pass,
2025-03-11 03:45:00,Line_3,machine_27,pass,
2025-03-11 03:46:00,Line_4,machine_40,pass,
2025-03-11 03:47:00,Line_4,machine_33,fail,fault
2025-03-11 03:48:00,Line_1,machine_2,pass,
2025-03-11 03:49:00,Line_2,machine_13,pass,
2025-03-11 03:50:00,Line_1,machine_2,pass,
2025-03-11 03:51:00,Line_4,machine_37,pass,
2025-03-11 03:52:00,Line_1,machine_5,pass,
2025-03-11 03:53:00,Line_1,machine_6,pass,
2025-03-11 03:54:00,Line_5,machine_50,pass,
2025-03-11 03:55:00,Line_4,machine_32,fail,fault
2025-03-11 03:56:00,Line_5,machine_48,pass,
2025-03-11 03:57:00,Line_3,machine_24,pass,
2025-03-11 03:58:00,Line_2,machine_17,pass,
2025-03-11 03:59:00,Line_1,machine_9,fail,fault
2025-03-11 04:00:00,Line_4,machine_40,pass,
2025-03-11 04:01:00,Line_4,machine_40,pass,
2025-03-11 04:02:00,Line_1,machine_2,pass,
2025-03-11 04:03:00,Line_1,machine_9,pass,
2025-03-11 04:04:00,Line_1,machine_6,pass,
2025-03-11 04:05:00,Line_2,machine_19,pass,
2025-03-11 04:06:00,Line_4,machine_33,fail,fault
2025-03-11 04:07:00,Line_2,machine_19,pass,
2025-03-11 04:08:00,Line_4,machine_33,pass,
2025-03-11 04:09:00,Line_5,machine_45,pass,
2025-03-11 04:10:00,Line_3,machine_30,pass,
2025-03-11 04:11:00,Line_4,machine_39,pass,
2025-03-11 04:12:00,Line_2,machine_13,pass,
2025-03-11 04:13:00,Line_2,machine_18,fail,fault
2025-03-11 04:14:00,Line_1,machine_2,pass,
2025-03-11 04:15:00,Line_1,machine_3,pass,
2025-03-11 04:16:00,Line_1,machine_6,pass,
2025-03-11 04:17:00,Line_3,machine_28,fail,fault
2025-03-11 04:18:00,Line_2,machine_13,fail,fault
2025-03-11 04:19:00,Line_2,machine_20,pass,
2025-03-11 04:20:00,Line_4,machine_32,fail,fault
2025-03-11 04:21:00,Line_4,machine_31,pass,
2025-03-11 04:22:00,Line_1,machine_9,pass,
2025-03-11 04:23:00,Line_1,machine_3,fail,fault
2025-03-11 04:24:00,Line_4,machine_31,pass,
2025-03-11 04:25:00,Line_2,machine_15,pass,
2025-03-11 04:26:00,Line_1,machine_4,pass,
2025-03-11 04:27:00,Line_5,machine_49,fail,fault
2025-03-11 04:28:00,Line_2,machine_17,fail,fault
2025-03-11 04:29:00,Line_5,machine_45,fail,fault
2025-03-11 04:30:00,Line_4,machine_31,fail,fault
2025-03-11 04:31:00,Line_3,machine_29,pass,
2025-03-11 04:32:00,Line_2,machine_11,pass,
2025-03-11 04:33:00,Line_4,machine_32,pass,
2025-03-11 04:34:00,Line_4,machine_40,pass,
2025-03-11 04:35:00,Line_1,machine_3,pass,
2025-03-11 04:36:00,Line_5,machine_50,pass,
2025-03-11 04:37:00,Line_1,machine_1,pass,
2025-03-11 04:38:00,Line_1,machine_8,pass,
2025-03-11 04:39:00,Line_5,machine_41,pass,
2025-03-11 04:40:00,Line_2,machine_17,pass,
2025-03-11 04:41:00,Line_1,machine_8,pass,
2025-03-11 04:42:00,Line_5,machine_43,pass,
2025-03-11 04:43:00,Line_4,machine_33,pass,
2025-03-11 04:44:00,Line_3,machine_26,fail,fault
2025-03-11 04:45:00,Line_1,machine_2,pass,
2025-03-11 04:46:00,Line_5,machine_47,pass,
2025-03-11 04:47:00,Line_5,machine_49,pass,
2025-03-11 04:48:00,Line_3,machine_29,pass,
2025-03-11 04:49:00,Line_2,machine_15,pass,
2025-03-11 04:50:00,Line_3,machine_30,fail,fault
2025-03-11 04:51:00,Line_5,machine_50,pass,
2025-03-11 04:52:00,Line_5,machine_44,fail,fault
2025-03-11 04:53:00,Line_5,machine_46,pass,
2025-03-11 04:54:00,Line_2,machine_12,pass,
2025-03-11 04:55:00,Line_1,machine_2,pass,
2025-03-11 04:56:00,Line_3,machine_21,pass,
2025-03-11 04:57:00,Line_3,machine_29,pass,
2025-03-11 04:58:00,Line_3,machine_29,fail,fault
2025-03-11 04:59:00,Line_2,machine_16,pass,
2025-03-11 05:00:00,Line_4,machine_31,pass,
2025-03-11 05:01:00,Line_4,machine_33,pass,
2025-03-11 05:02:00,Line_1,machine_2,pass,
2025-03-11 05:03:00,Line_5,machine_44,pass,
2025-03-11 05:04:00,Line_1,machine_4,pass,
2025-03-11 05:05:00,Line_4,machine_39,pass,
2025-03-11 05:06:00,Line_5,machine_49,fail,fault
2025-03-11 05:07:00,Line_1,machine_5,pass,
2025-03-11 05:08:00,Line_1,machine_2,pass,
2025-03-11 05:09:00,Line_5,machine_45,pass,
2025-03-11 05:10:00,Line_1,machine_8,pass,
2025-03-11 05:11:00,Line_5,machine_50,pass,
2025-03-11 05:12:00,Line_4,machine_36,fail,fault
2025-03-11 05:13:00,Line_1,machine_6,pass,
2025-03-11 05:14:00,Line_5,machine_41,fail,fault
2025-03-11 05:15:00,Line_1,machine_10,pass,
2025-03-11 05:16:00,Line_4,machine_36,pass,
2025-03-11 05:17:00,Line_1,machine_4,pass,
2025-03-11 05:18:00,Line_4,machine_39,fail,fault
2025-03-11 05:19:00,Line_2,machine_14,pass,
2025-03-11 05:20:00,Line_2,machine_12,fail,fault
2025-03-11 05:21:00,Line_5,machine_47,pass,
2025-03-11 05:22:00,Line_2,machine_17,fail,fault
2025-03-11 05:23:00,Line_3,machine_21,pass,
2025-03-11 05:24:00,Line_2,machine_13,fail,fault
2025-03-11 05:25:00,Line_4,machine_33,pass,
2025-03-11 05:26:00,Line_2,machine_13,pass,
2025-03-11 05:27:00,Line_5,machine_48,pass,
2025-03-11 05:28:00,Line_5,machine_45,pass,
2025-03-11 05:29:00,Line_1,machine_9,pass,
2025-03-11 05:30:00,Line_5,machine_50,fail,fault
2025-03-11 05:31:00,Line_5,machine_48,pass,
2025-03-11 05:32:00,Line_2,machine_20,fail,fault
2025-03-11 05:33:00,Line_5,machine_44,pass,
2025-03-11 05:34:00,Line_4,machine_40,pass,
2025-03-11 05:35:00,Line_1,machine_1,pass,
2025-03-11 05:36:00,Line_2,machine_13,pass,
2025-03-11 05:37:00,Line_3,machine_22,fail,fault
2025-03-11 05:38:00,Line_2,machine_13,pass,
2025-03-11 05:39:00,Line_4,machine_35,pass,
2025-03-11 05:40:00,Line_1,machine_1,fail,fault
2025-03-11 05:41:00,Line_5,machine_46,fail,fault
2025-03-11 05:42:00,Line_4,machine_33,pass,
2025-03-11 05:43:00,Line_1,machine_5,fail,fault
2025-03-11 05:44:00,Line_3,machine_30,pass,
2025-03-11 05:45:00,Line_1,machine_5,fail,fault
2025-03-11 05:46:00,Line_5,machine_43,fail,fault
2025-03-11 05:47:00,Line_3,machine_25,pass,
2025-03-11 05:48:00,Line_3,machine_26,pass,
2025-03-11 05:49:00,Line_2,machine_19,pass,
2025-03-11 05:50:00,Line_2,machine_12,pass,
2025-03-11 05:51:00,Line_1,machine_8,fail,fault
2025-03-11 05:52:00,Line_1,machine_10,fail,fault
2025-03-11 05:53:00,Line_2,machine_18,fail,fault
2025-03-11 05:54:00,Line_5,machine_41,pass,
2025-03-11 05:55:00,Line_2,machine_11,pass,
2025-03-11 05:56:00,Line_3,machine_30,pass,
2025-03-11 05:57:00,Line_1,machine_5,pass,
2025-03-11 05:58:00,Line_3,machine_24,pass,
2025-03-11 05:59:00,Line_5,machine_45,pass,
2025-03-11 06:00:00,Line_2,machine_13,pass,
2025-03-11 06:01:00,Line_4,machine_36,fail,fault
2025-03-11 06:02:00,Line_5,machine_49,pass,
2025-03-11 06:03:00,Line_3,machine_27,pass,
2025-03-11 06:04:00,Line_4,machine_32,pass,
2025-03-11 06:05:00,Line_2,machine_14,pass,
2025-03-11 06:06:00,Line_5,machine_41,pass,
2025-03-11 06:07:00,Line_1,machine_2,pass,
2025-03-11 06:08:00,Line_1,machine_4,pass,
2025-03-11 06:09:00,Line_2,machine_11,pass,
2025-03-11 06:10:00,Line_5,machine_42,pass,
2025-03-11 06:11:00,Line_4,machine_37,pass,
2025-03-11 06:12:00,Line_5,machine_48,pass,
2025-03-11 06:13:00,Line_4,machine_38,pass,
2025-03-11 06:14:00,Line_4,machine_37,pass,
2025-03-11 06:15:00,Line_2,machine_13,pass,
2025-03-11 06:16:00,Line_1,machine_9,fail,fault
2025-03-11 06:17:00,Line_5,machine_42,fail,fault
2025-03-11 06:18:00,Line_3,machine_27,fail,fault
2025-03-11 06:19:00,Line_1,machine_2,pass,
2025-03-11 06:20:00,Line_5,machine_47,pass,
2025-03-11 06:21:00,Line_3,machine_27,fail,fault
2025-03-11 06:22:00,Line_2,machine_12,fail,fault
2025-03-11 06:23:00,Line_2,machine_12,pass,
2025-03-11 06:24:00,Line_1,machine_3,pass,
2025-03-11 06:25:00,Line_3,machine_26,pass,
2025-03-11 06:26:00,Line_2,machine_15,fail,fault
2025-03-11 06:27:00,Line_3,machine_27,pass,
2025-03-11 06:28:00,Line_5,machine_45,pass,
2025-03-11 06:29:00,Line_4,machine_35,fail,fault
2025-03-11 06:30:00,Line_2,machine_13,fail,fault
2025-03-11 06:31:00,Line_1,machine_5,pass,
2025-03-11 06:32:00,Line_5,machine_43,pass,
2025-03-11 06:33:00,Line_2,machine_17,fail,fault
2025-03-11 06:34:00,Line_2,machine_19,pass,
2025-03-11 06:35:00,Line_2,machine_20,pass,
2025-03-11 06:36:00,Line_3,machine_23,pass,
2025-03-11 06:37:00,Line_2,machine_12,pass,
2025-03-11 06:38:00,Line_4,machine_32,pass,
2025-03-11 06:39:00,Line_3,machine_29,fail,fault
2025-03-11 06:40:00,Line_1,machine_5,pass,
2025-03-11 06:41:00,Line_5,machine_49,fail,fault
2025-03-11 06:42:00,Line_5,machine_43,pass,
2025-03-11 06:43:00,Line_1,machine_2,pass,
2025-03-11 06:44:00,Line_1,machine_6,pass,
2025-03-11 06:45:00,Line_3,machine_21,pass,
2025-03-11 06:46:00,Line_4,machine_35,pass,
2025-03-11 06:47:00,Line_2,machine_15,pass,
2025-03-11 06:48:00,Line_2,machine_18,pass,
2025-03-11 06:49:00,Line_5,machine_49,pass,
2025-03-11 06:50:00,Line_5,machine_47,pass,
2025-03-11 06:51:00,Line_1,machine_2,pass,
2025-03-11 06:52:00,Line_1,machine_5,pass,
2025-03-11 06:53:00,Line_4,machine_37,fail,fault
2025-03-11 06:54:00,Line_5,machine_41,fail,fault
2025-03-11 06:55:00,Line_1,machine_6,pass,
2025-03-11 06:56:00,Line_5,machine_42,fail,fault
2025-03-11 06:57:00,Line_2,machine_19,pass,
2025-03-11 06:58:00,Line_2,machine_16,fail,fault
2025-03-11 06:59:00,Line_2,machine_12,fail,fault
2025-03-11 07:00:00,Line_3,machine_24,pass,
2025-03-11 07:01:00,Line_1,machine_9,pass,
2025-03-11 07:02:00,Line_1,machine_3,pass,
2025-03-11 07:03:00,Line_2,machine_17,fail,fault
2025-03-11 07:04:00,Line_3,machine_30,fail,fault
2025-03-11 07:05:00,Line_3,machine_27,pass,
2025-03-11 07:06:00,Line_3,machine_24,pass,
2025-03-11 07:07:00,Line_5,machine_42,pass,
2025-03-11 07:08:00,Line_5,machine_50,pass,
2025-03-11 07:09:00,Line_4,machine_39,pass,
2025-03-11 07:10:00,Line_1,machine_7,pass,
2025-03-11 07:11:00,Line_1,machine_9,pass,
2025-03-11 07:12:00,Line_2,machine_16,pass,
2025-03-11 07:13:00,Line_2,machine_11,fail,fault
2025-03-11 07:14:00,Line_1,machine_9,pass,
2025-03-11 07:15:00,Line_1,machine_1,fail,fault
2025-03-11 07:16:00,Line_5,machine_44,pass,
2025-03-11 07:17:00,Line_4,machine_35,pass,
2025-03-11 07:18:00,Line_2,machine_20,pass,
2025-03-11 07:19:00,Line_1,machine_8,pass,
2025-03-11 07:20:00,Line_1,machine_7,pass,
2025-03-11 07:21:00,Line_4,machine_37,pass,
2025-03-11 07:22:00,Line_4,machine_37,fail,fault
2025-03-11 07:23:00,Line_2,machine_20,pass,
2025-03-11 07:24:00,Line_1,machine_5,pass,
2025-03-11 07:25:00,Line_2,machine_12,pass,
2025-03-11 07:26:00,Line_3,machine_21,pass,
2025-03-11 07:27:00,Line_2,machine_20,pass,
2025-03-11 07:28:00,Line_1,machine_5,pass,
2025-03-11 07:29:00,Line_3,machine_23,pass,
2025-03-11 07:30:00,Line_1,machine_7,fail,fault
2025-03-11 07:31:00,Line_1,machine_1,pass,
2025-03-11 07:32:00,Line_3,machine_25,pass,
2025-03-11 07:33:00,Line_2,machine_19,fail,fault
2025-03-11 07:34:00,Line_1,machine_2,pass,
2025-03-11 07:35:00,Line_2,machine_12,pass,
2025-03-11 07:36:00,Line_5,machine_42,pass,
2025-03-11 07:37:00,Line_3,machine_25,fail,fault
2025-03-11 07:38:00,Line_4,machine_32,fail,fault
2025-03-11 07:39:00,Line_5,machine_48,pass,
2025-03-11 07:40:00,Line_5,machine_43,pass,
2025-03-11 07:41:00,Line_2,machine_18,pass,
2025-03-11 07:42:00,Line_4,machine_31,fail,fault
2025-03-11 07:43:00,Line_5,machine_44,pass,
2025-03-11 07:44:00,Line_1,machine_9,pass,
2025-03-11 07:45:00,Line_3,machine_21,pass,
2025-03-11 07:46:00,Line_4,machine_39,pass,
2025-03-11 07:47:00,Line_1,machine_7,pass,
2025-03-11 07:48:00,Line_2,machine_13,fail,fault
2025-03-11 07:49:00,Line_2,machine_20,pass,
2025-03-11 07:50:00,Line_2,machine_13,pass,
2025-03-11 07:51:00,Line_3,machine_28,fail,fault
2025-03-11 07:52:00,Line_4,machine_37,fail,fault
2025-03-11 07:53:00,Line_3,machine_25,pass,
2025-03-11 07:54:00,Line_5,machine_46,pass,
2025-03-11 07:55:00,Line_5,machine_48,pass,
2025-03-11 07:56:00,Line_5,machine_45,pass,
2025-03-11 07:57:00,Line_3,machine_26,pass,
2025-03-11 07:58:00,Line_5,machine_44,pass,
2025-03-11 07:59:00,Line_4,machine_33,fail,fault
2025-03-11 08:00:00,Line_4,machine_40,pass,
2025-03-11 08:01:00,Line_4,machine_40,pass,
2025-03-11 08:02:00,Line_3,machine_27,pass,
2025-03-11 08:03:00,Line_2,machine_15,pass,
2025-03-11 08:04:00,Line_1,machine_3,pass,
2025-03-11 08:05:00,Line_3,machine_29,fail,fault
2025-03-11 08:06:00,Line_4,machine_31,pass,
2025-03-11 08:07:00,Line_4,machine_40,pass,
2025-03-11 08:08:00,Line_2,machine_18,fail,fault
2025-03-11 08:09:00,Line_3,machine_24,pass,
2025-03-11 08:10:00,Line_4,machine_39,pass,
2025-03-11 08:11:00,Line_5,machine_44,pass,
2025-03-11 08:12:00,Line_5,machine_47,fail,fault
2025-03-11 08:13:00,Line_1,machine_8,pass,
2025-03-11 08:14:00,Line_3,machine_29,fail,fault
2025-03-11 08:15:00,Line_5,machine_48,pass,
2025-03-11 08:16:00,Line_4,machine_37,pass,
2025-03-11 08:17:00,Line_4,machine_37,pass,
2025-03-11 08:18:00,Line_1,machine_9,pass,
2025-03-11 08:19:00,Line_5,machine_45,fail,fault
2025-03-11 08:20:00,Line_3,machine_30,fail,fault
2025-03-11 08:21:00,Line_2,machine_15,fail,fault
2025-03-11 08:22:00,Line_4,machine_40,pass,
2025-03-11 08:23:00,Line_2,machine_12,pass,
2025-03-11 08:24:00,Line_5,machine_41,pass,
2025-03-11 08:25:00,Line_3,machine_27,pass,
2025-03-11 08:26:00,Line_5,machine_47,pass,
2025-03-11 08:27:00,Line_5,machine_47,fail,fault
2025-03-11 08:28:00,Line_4,machine_31,fail,fault
2025-03-11 08:29:00,Line_2,machine_13,pass,
2025-03-11 08:30:00,Line_2,machine_15,pass,
2025-03-11 08:31:00,Line_1,machine_5,pass,
2025-03-11 08:32:00,Line_5,machine_42,pass,
2025-03-11 08:33:00,Line_3,machine_25,fail,fault
2025-03-11 08:34:00,Line_2,machine_12,pass,
2025-03-11 08:35:00,Line_5,machine_49,pass,
2025-03-11 08:36:00,Line_1,machine_9,pass,
2025-03-11 08:37:00,Line_3,machine_26,fail,fault
2025-03-11 08:38:00,Line_4,machine_37,pass,
2025-03-11 08:39:00,Line_1,machine_9,pass,
2025-03-11 08:40:00,Line_1,machine_5,pass,
2025-03-11 08:41:00,Line_5,machine_46,fail,fault
2025-03-11 08:42:00,Line_1,machine_7,pass,
2025-03-11 08:43:00,Line_5,machine_41,pass,
2025-03-11 08:44:00,Line_4,machine_31,fail,fault
2025-03-11 08:45:00,Line_5,machine_44,pass,
2025-03-11 08:46:00,Line_4,machine_37,pass,
2025-03-11 08:47:00,Line_1,machine_7,fail,fault
2025-03-11 08:48:00,Line_1,machine_5,fail,fault
2025-03-11 08:49:00,Line_2,machine_17,pass,
2025-03-11 08:50:00,Line_2,machine_11,fail,fault
2025-03-11 08:51:00,Line_4,machine_37,pass,
2025-03-11 08:52:00,Line_4,machine_36,fail,fault
2025-03-11 08:53:00,Line_3,machine_27,pass,
2025-03-11 08:54:00,Line_1,machine_1,fail,fault
2025-03-11 08:55:00,Line_1,machine_1,fail,fault
2025-03-11 08:56:00,Line_2,machine_14,pass,
2025-03-11 08:57:00,Line_3,machine_28,fail,fault
2025-03-11 08:58:00,Line_5,machine_41,pass,
2025-03-11 08:59:00,Line_1,machine_1,fail,fault
2025-03-11 09:00:00,Line_1,machine_8,pass,
2025-03-11 09:01:00,Line_5,machine_45,pass,
2025-03-11 09:02:00,Line_5,machine_41,pass,
2025-03-11 09:03:00,Line_5,machine_47,pass,
2025-03-11 09:04:00,Line_5,machine_43,fail,fault
2025-03-11 09:05:00,Line_3,machine_26,pass,
2025-03-11 09:06:00,Line_4,machine_36,pass,
2025-03-11 09:07:00,Line_3,machine_29,pass,
2025-03-11 09:08:00,Line_4,machine_40,pass,
2025-03-11 09:09:00,Line_5,machine_45,pass,
2025-03-11 09:10:00,Line_5,machine_49,pass,
2025-03-11 09:11:00,Line_1,machine_4,pass,
2025-03-11 09:12:00,Line_5,machine_42,pass,
2025-03-11 09:13:00,Line_1,machine_2,pass,
2025-03-11 09:14:00,Line_3,machine_30,pass,
2025-03-11 09:15:00,Line_5,machine_47,pass,
2025-03-11 09:16:00,Line_2,machine_20,fail,fault
2025-03-11 09:17:00,Line_3,machine_30,pass,
2025-03-11 09:18:00,Line_2,machine_18,fail,fault
2025-03-11 09:19:00,Line_3,machine_30,fail,fault
2025-03-11 09:20:00,Line_5,machine_46,pass,
2025-03-11 09:21:00,Line_4,machine_35,pass,
2025-03-11 09:22:00,Line_1,machine_1,fail,fault
2025-03-11 09:23:00,Line_1,machine_3,pass,
2025-03-11 09:24:00,Line_3,machine_23,pass,
2025-03-11 09:25:00,Line_5,machine_45,pass,
2025-03-11 09:26:00,Line_4,machine_40,fail,fault
2025-03-11 09:27:00,Line_3,machine_22,fail,fault
2025-03-11 09:28:00,Line_5,machine_49,fail,fault
2025-03-11 09:29:00,Line_5,machine_48,pass,
2025-03-11 09:30:00,Line_5,machine_48,pass,
2025-03-11 09:31:00,Line_5,machine_44,pass,
2025-03-11 09:32:00,Line_5,machine_48,fail,fault
2025-03-11 09:33:00,Line_2,machine_15,pass,
2025-03-11 09:34:00,Line_5,machine_41,pass,
2025-03-11 09:35:00,Line_2,machine_16,pass,
2025-03-11 09:36:00,Line_3,machine_27,pass,
2025-03-11 09:37:00,Line_4,machine_32,pass,
2025-03-11 09:38:00,Line_4,machine_34,pass,
2025-03-11 09:39:00,Line_5,machine_42,pass,
2025-03-11 09:40:00,Line_2,machine_12,fail,fault
2025-03-11 09:41:00,Line_2,machine_18,fail,fault
2025-03-11 09:42:00,Line_2,machine_18,pass,
2025-03-11 09:43:00,Line_1,machine_4,pass,
2025-03-11 09:44:00,Line_4,machine_34,pass,
2025-03-11 09:45:00,Line_4,machine_39,pass,
2025-03-11 09:46:00,Line_2,machine_19,fail,fault
2025-03-11 09:47:00,Line_5,machine_43,fail,fault
2025-03-11 09:48:00,Line_5,machine_45,pass,
2025-03-11 09:49:00,Line_4,machine_31,pass,
2025-03-11 09:50:00,Line_5,machine_49,pass,
2025-03-11 09:51:00,Line_4,machine_31,fail,fault
2025-03-11 09:52:00,Line_5,machine_42,pass,
2025-03-11 09:53:00,Line_5,machine_48,pass,
2025-03-11 09:54:00,Line_2,machine_20,pass,
2025-03-11 09:55:00,Line_5,machine_48,fail,fault
2025-03-11 09:56:00,Line_2,machine_20,pass,
2025-03-11 09:57:00,Line_4,machine_32,pass,
2025-03-11 09:58:00,Line_2,machine_20,pass,
2025-03-11 09:59:00,Line_2,machine_16,pass,
2025-03-11 10:00:00,Line_2,machine_19,pass,
2025-03-11 10:01:00,Line_4,machine_31,pass,
2025-03-11 10:02:00,Line_2,machine_13,pass,
2025-03-11 10:03:00,Line_2,machine_20,pass,
2025-03-11 10:04:00,Line_5,machine_43,pass,
2025-03-11 10:05:00,Line_2,machine_12,fail,fault
2025-03-11 10:06:00,Line_5,machine_49,pass,
2025-03-11 10:07:00,Line_5,machine_47,pass,
2025-03-11 10:08:00,Line_3,machine_26,pass,
2025-03-11 10:09:00,Line_4,machine_35,pass,
2025-03-11 10:10:00,Line_5,machine_41,pass,
2025-03-11 10:11:00,Line_1,machine_10,pass,
2025-03-11 10:12:00,Line_2,machine_12,pass,
2025-03-11 10:13:00,Line_3,machine_24,fail,fault
2025-03-11 10:14:00,Line_1,machine_9,pass,
2025-03-11 10:15:00,Line_1,machine_5,pass,
2025-03-11 10:16:00,Line_4,machine_31,pass,
2025-03-11 10:17:00,Line_4,machine_34,pass,
2025-03-11 10:18:00,Line_5,machine_45,pass,
2025-03-11 10:19:00,Line_2,machine_11,pass,
2025-03-11 10:20:00,Line_1,machine_9,fail,fault
2025-03-11 10:21:00,Line_3,machine_22,fail,fault
2025-03-11 10:22:00,Line_4,machine_40,pass,
2025-03-11 10:23:00,Line_5,machine_47,pass,
2025-03-11 10:24:00,Line_3,machine_28,fail,fault
2025-03-11 10:25:00,Line_2,machine_16,pass,
2025-03-11 10:26:00,Line_1,machine_10,pass,
2025-03-11 10:27:00,Line_4,machine_34,pass,
2025-03-11 10:28:00,Line_2,machine_15,pass,
2025-03-11 10:29:00,Line_2,machine_18,fail,fault
2025-03-11 10:30:00,Line_5,machine_45,pass,
2025-03-11 10:31:00,Line_4,machine_31,pass,
2025-03-11 10:32:00,Line_1,machine_5,fail,fault
2025-03-11 10:33:00,Line_4,machine_33,pass,
2025-03-11 10:34:00,Line_3,machine_29,pass,
2025-03-11 10:35:00,Line_1,machine_3,pass,
2025-03-11 10:36:00,Line_3,machine_23,pass,
2025-03-11 10:37:00,Line_1,machine_10,pass,
2025-03-11 10:38:00,Line_5,machine_47,pass,
2025-03-11 10:39:00,Line_4,machine_32,pass,
